,Vt_aa,Wt_aa,variant.by.aa,ddG_intrinsic,delta_WT_interaction_kcal_mol,LFC_scaled
1,P,M,M173P,5.63094,-0.25,-1.546534929
2,W,M,M173W,4.93758,2.21,-0.809416951
3,R,M,M173R,1.50579,6.74,-0.792816769
4,K,M,M173K,1.54237,2.94,-0.676990962
5,S,M,M173S,3.05663,0.02,-0.57990173
6,N,M,M173N,2.68644,0.46,-0.476319744
7,Q,M,M173Q,1.95235,2.85,-0.354634364
8,G,M,M173G,4.67852,0.26,-0.268987126
9,E,M,M173E,2.05873,3.25,-0.169134243
10,F,M,M173F,2.92785,-5.72,-0.083171707
12,D,M,M173D,3.3392,2.38,0.094262249
13,A,M,M173A,3.15071,0.18,0.247101511
14,C,M,M173C,2.23055,-0.09,0.290405521
15,H,M,M173H,3.53001,-0.37,0.567922848
16,I,M,M173I,0.76322,-1.38,0.631034672
17,T,M,M173T,2.32686,-0.53,0.810925121
18,Y,M,M173Y,3.96097,0.18,0.899169979
19,L,M,M173L,0.32357,-2.85,1.055475694
20,V,M,M173V,1.44553,-0.22,1.11386657