"","X","Vt_aa","Wt_aa","variant.by.aa","ddG_intrinsic","delta_WT_interaction_kcal_mol","LFC_scaled","lm_regress"
"1",1,"P","M","M173P",5.63094,-0.25,-1.546534929,0.632054876
"2",2,"W","M","M173W",4.93758,2.21,-0.809416951,0.756712532
"3",3,"R","M","M173R",1.50579,6.74,-0.792816769,0.446654816
"4",4,"K","M","M173K",1.54237,2.94,-0.676990962,-0.00493555199999995
"5",5,"S","M","M173S",3.05663,0.02,-0.57990173,0.0201851520000002
"6",6,"N","M","M173N",2.68644,0.46,-0.476319744,-0.0191604239999998
"7",7,"Q","M","M173Q",1.95235,2.85,-0.354634364,0.0868109400000001
"8",8,"G","M","M173G",4.67852,0.26,-0.268987126,0.455406408
"9",9,"E","M","M173E",2.05873,3.25,-0.169134243,0.161948492
"10",10,"F","M","M173F",2.92785,-5.72,-0.083171707,-0.70803636
"11",12,"D","M","M173D",3.3392,2.38,0.094262249,0.37709068
"12",13,"A","M","M173A",3.15071,0.18,0.247101511,0.0631427840000001
"13",14,"C","M","M173C",2.23055,-0.09,0.290405521,-0.20000278
"14",15,"H","M","M173H",3.53001,-0.37,0.567922848,0.0914320040000001
"15",16,"I","M","M173I",0.76322,-1.38,0.631034672,-0.723834712
"16",17,"T","M","M173T",2.32686,-0.53,0.810925121,-0.229236756
"17",18,"Y","M","M173Y",3.96097,0.18,0.899169979,0.266031888
"18",19,"L","M","M173L",0.32357,-2.85,1.055475694,-1.012160572
"19",20,"V","M","M173V",1.44553,-0.22,1.11386657,-0.412334288
